"Alpha Mission II / ASO II : Last Guardian";"Twilight_Guardian";"2129500";"http://desmond.imageshack.us/Himg225/scaled.php?server=225&filename=img03582.jpg&res=medium";","
"Alpha Mission II / ASO II : Last Guardian";"tomil";"1793300";"http://desmond.imageshack.us/Himg26/scaled.php?server=26&filename=photo013ml.jpg&res=medium";","
"Alpha Mission II / ASO II : Last Guardian";"Redemslug";"837300";"http://img851.imageshack.us/img851/8194/asoii.jpg";","
"Alpha Mission II / ASO II : Last Guardian";"Onihyde";"804500";"http://img4.imageshack.us/img4/4424/p1010174u.jpg";","
"Alpha Mission II / ASO II : Last Guardian";"Mpower";"785800";"http://valou.ludo.free.fr/NEO/ASOII_2.JPG";","
"Alpha Mission II / ASO II : Last Guardian";"gege4";"759300";"http://img91.imageshack.us/img91/3272/p1000556aq3.jpg";","
"Alpha Mission II / ASO II : Last Guardian";"kurush75";"614700";"http://desmond.imageshack.us/Himg820/scaled.php?server=820&filename=asoii.jpg&res=medium";","
"Alpha Mission II / ASO II : Last Guardian";"NeoJin";"5104700";"http://desmond.imageshack.us/Himg199/scaled.php?server=199&filename=photo0008uz.jpg&res=medium";","
"Alpha Mission II / ASO II : Last Guardian";"aescdmvs";"496000";"";","
"Alpha Mission II / ASO II : Last Guardian";"shubibiman";"461500";"http://shubibiman.free.fr/Screens/IMG_0749.jpg";","
"Alpha Mission II / ASO II : Last Guardian";"chacha";"408600";"http://cha.voila.net/conneries/AMII_408_600_.JPG";","
"Alpha Mission II / ASO II : Last Guardian";"anzymus";"335000";"http://img824.imageshack.us/img824/6599/img1188no.jpg";","
"Alpha Mission II / ASO II : Last Guardian";"juanito1979";"304900";"http://img41.imageshack.us/img41/2812/p4290677.jpg"

"Andro Dunos";"shubibiman";"676400";"http://shubibiman.free.fr/Hiscores/Andro%20Dunos%205.jpg";"(stage 6)";","
"Andro Dunos";"juanito1979";"674400";"http://img829.imageshack.us/img829/3548/androdunosscore.jpg";"(stage 6)";","
"Andro Dunos";"anzymus";"482850";"http://img845.imageshack.us/img845/1316/img1208ai.jpg";"(stage 5)";","
"Andro Dunos";"BENISHIRO";"140050";"http://img715.imageshack.us/img715/7627/img3036j.jpg";"(stage 2)"

"Art of Fighting 2";"Tarma";"1009580";"http://img510.imageshack.us/img510/228/aof2.jpg";","
"Art of Fighting 2";"Onihyde";"703245";"http://img223.imageshack.us/img223/9497/dscn0961oq0.jpg";","
"Art of Fighting 2";"gojirien";"679995";"http://img1.uplood.fr/free/nr8i_dsc03195.jpg";","
"Art of Fighting 2";"nekwe";"624990";"http://img59.imageshack.us/img59/1998/wp000014m.jpg";","
"Art of Fighting 2";"Redemslug";"356350";"";","
"Art of Fighting 2";"Combo Maker";"309622";"http://img30.imageshack.us/img30/57/p1050582.jpg";","
"Art of Fighting 2";"juanito1979";"273680";"http://img147.imageshack.us/img147/9884/p4280682.jpg";","
"Art of Fighting 2";"Thestrokes";"268310";"http://isthisit.free.fr/The%20Strokes%20(JUL)%20AOF2%20(268310).jpg";","
"Art of Fighting 2";"PowerMarcel";"137870";"http://img115.imageshack.us/img115/191/im000662xq4.jpg";","
"Art of Fighting 2";"aescdmvs";"133800";"";","
"Art of Fighting 2";"Fartaz";"79280";""

"Aero Fighters 3 / Sonic Wings 3";"Onihyde";"1491700";"http://desmond.imageshack.us/Himg214/scaled.php?server=214&filename=dscn2247jl6.jpg&res=medium";","
"Aero Fighters 3 / Sonic Wings 3";"Cho Aniki";"1198000";"";","
"Aero Fighters 3 / Sonic Wings 3";"kurush75";"548800";"http://desmond.imageshack.us/Himg690/scaled.php?server=690&filename=sonicwings3sonicwings3.jpg&res=medium";","
"Aero Fighters 3 / Sonic Wings 3";"7SOUNA";"453900";"";","
"Aero Fighters 3 / Sonic Wings 3";"PowerMarcel";"360800";"";","
"Aero Fighters 3 / Sonic Wings 3";"Takou";"239000";"http://svcchaos.free.fr/Neo/Hi-Scores/Hi-Score_Sonic_Wings_3.JPG"

"Bang Bang Busters";"juanito1979";"586520";"http://img16.imageshack.us/img16/2324/bangbangbustersscore2.jpg";","
"Bang Bang Busters";"Neox";"447710";"http://s3.noelshack.com/uploads/images/10337561360478_photo.jpg";","
"Bang Bang Busters";"BENISHIRO";"285490";"http://img217.imageshack.us/img217/6664/img3034h.jpg"

"Blazing Star";"Monokrom";"22490590";"http://img410.imageshack.us/img410/6553/22490590.jpg";"(stage 6)";","
"Blazing Star";"Raphoon";"19382840";"http://img440.imageshack.us/img440/7163/raphoonblazingyn6.jpg";"(stage 6)";","
"Blazing Star";"michel";"10862090";"http://img150.imageshack.us/img150/2276/blazingstarx.jpg";"(stage 6)";","
"Blazing Star";"samcyrius";"10628540";"http://img102.imageshack.us/img102/5153/blazing25mn.jpg";"(stage 6)";","
"Blazing Star";"NeoBob";"6518160";"http://nsa11.casimages.com/img/2009/12/16//091216081657790920.jpg";"(stage 4)";","
"Blazing Star";"Cho Aniki";"4207880";"";"(stage 3)";","
"Blazing Star";"tomil";"3475830";"http://img34.imageshack.us/img34/9316/photo022dk.jpg";"(stage 6)";","
"Blazing Star";"7SOUNA";"2101860";"";"(stage 3)";","
"Blazing Star";"Fartaz";"2038730";"";"(stage 3)";","
"Blazing Star";"Onihyde";"1775980";"http://img369.imageshack.us/img369/5115/blazing6de.jpg";"(stage 3 - boss)";","
"Blazing Star";"ixindamix";"1739780";"";"(stage 4)";","
"Blazing Star";"juanito1979";"1547140";"http://img172.imageshack.us/img172/5159/picture081gw3.jpg";"(stage 3)";","
"Blazing Star";"Mpower";"1511670";"http://valou.ludo.free.fr/NEO/Blazing2.JPG";"(stage 3 - boss)";","
"Blazing Star";"luke2fr";"1459130";"http://img267.imageshack.us/img267/407/scorelukblazingxu2.jpg";"(stage 3)";","
"Blazing Star";"NeoJin";"1310430";"http://img191.imageshack.us/img191/2849/blazingscore.jpg";"(stage 3 - boss)";","
"Blazing Star";"gege4";"1027460";"http://img252.imageshack.us/img252/2281/p1030272.jpg";"(stage 3)";","
"Blazing Star";"amobile";"946990";"";"(stage 3)";","
"Blazing Star";"Tormento";"662780";"http://img416.imageshack.us/img416/5513/hiscores0155zo.jpg";"(stage 2 - boss)";","
"Blazing Star";"aescdmvs";"580830";"";"(stage 3)";","
"Blazing Star";"fabaway";"503440";"";"(stage 2 - boss)"

"Blue's Journey / Raguy";"Twilight_Guardian";"238390";"http://img202.imageshack.us/img202/3784/img96442.jpg";"(all clear)";","
"Blue's Journey / Raguy";"Bestiole";"234450";"http://tengokugame.free.fr/Photo015.jpg";"(all clear)";","
"Blue's Journey / Raguy";"Mpower";"181340";"http://valou.ludo.free.fr/NEO/Blues2.JPG";"(stage 6-1)";","
"Blue's Journey / Raguy";"aescdmvs";"131430";"http://oi45.tinypic.com/29nxs3p.jpg";"(stage 5-3)";","
"Blue's Journey / Raguy";"gege4";"95960";"http://img22.imageshack.us/img22/6853/p1010639xr6.jpg";"(stage 4-2)";","
"Blue's Journey / Raguy";"Greedo";"82220";"http://img3.imageshack.us/img3/1207/bj090209vh2.jpg";"(stage 5-1)"

"Burning Fight";"Mpower";"246950";"http://valou.ludo.free.fr/NEO/Burn12.JPG";"(stage 4)";","
"Burning Fight";"gege4";"160050";"";"(stage 3)";","
"Burning Fight";"Thestrokes";"121700";"http://isthisit.free.fr/The%20Strokes%20(JUL)%20Burning%20Fight%20(121%20700).jpg";"(stage 3)";","
"Burning Fight";"juanito1979";"105600";"";"(stage 2)";","
"Burning Fight";"Fartaz";"104000";"";"(stage 3)";","
"Burning Fight";"Cho Aniki";"98300";"http://img501.imageshack.us/img501/4569/burningfight8vr.jpg";"(stage 3)";","
"Burning Fight";"Takou";"89150";"http://svcchaos.free.fr/Neo/Hi-Scores/Hi-Score_Burning_fight_B.JPG";"(stage 2)";","
"Burning Fight";"PowerMarcel";"79200";"";"(stage 2)";","
"Burning Fight";"Kim Dong Hwan";"58600";"http://img516.imageshack.us/img516/5483/kif09782ni.jpg";"(stage 2)";","
"Burning Fight";"aescdmvs";"55650";"(stage 3)";","
"Burning Fight";"7SOUNA";"47700";"";"(stage 2)";","
"Burning Fight";"Tormento";"39250";"";"(stage 2)"

"Cyber-Lip";"Twilight_Guardian";"367700";"http://img6.imageshack.us/img6/1884/img03432.jpg";"(all clear)";","
"Cyber-Lip";"luke2fr";"43300";"http://img687.imageshack.us/img687/1902/imgp0421f.jpg";"(stage 3)"

"Eightman";"juanito1979";"266300";"http://img163.imageshack.us/img163/548/eightmanscore.jpg";"(all clear)";","
"Eightman";"tomil";"230400";"http://img845.imageshack.us/img845/4663/photo000i.jpg";"(all clear)";","
"Eightman";"Twilight_Guardian";"162200";"http://img40.imageshack.us/img40/503/img03492.jpg";"(stage 4-2)";","
"Eightman";"Thestrokes";"118900";"http://isthisit.free.fr/The%20Strokes%20(JUL)%20Eightman%20(118900).jpg";"(stage 4-1)";","
"Eightman";"Onihyde";"116700";"http://img101.imageshack.us/img101/1962/dscn3585ps7.jpg";"(stage 3-4)";","
"Eightman";"7SOUNA";"78300";"";"(stage 3-2)";","
"Eightman";"aescdmvs";"73500";"";"(stage 3-2)";","
"Eightman";"Fartaz";"54900";"";"(stage 3-1)"

"Fatal Fury Special";"Tarma";"759600";"http://img412.imageshack.us/img412/9919/ffsld.jpg";"(All clear - Geese)";","
"Fatal Fury Special";"Fartaz";"519700";"http://valou.ludo.free.fr/Fartaz/scores/ffs.jpg";"(All clear - Terry)";","
"Fatal Fury Special";"kurush75";"212300";"http://img594.imageshack.us/img594/7139/garouspecial001ff.jpg";"(Stage 6 - Terry)";","
"Fatal Fury Special";"anzymus";"181200";"http://img534.imageshack.us/img534/4482/img1196f.jpg";"(Stage ? - Kim)";","
"Fatal Fury Special";"Redemslug";"139300";"http://img809.imageshack.us/img809/111/ffss.jpg";"(Stage 6 - Big Bear)"

"Garou: Mark of the Wolves";"Juanito1979";"2060300";"http://img186.imageshack.us/img186/1513/1004181de0.jpg";"(Tizoc)";","
"Garou: Mark of the Wolves";"Maximus";"1561900";"http://img392.imageshack.us/img392/4794/10105044wq.jpg";"(Gato)";","
"Garou: Mark of the Wolves";"Raphoon";"1549900";"";"(Tizoc)";","
"Garou: Mark of the Wolves";"Onihyde";"1338400";"http://img452.imageshack.us/img452/4066/dscn07518rl.jpg";"(Kim Jae Hoon)";","
"Garou: Mark of the Wolves";"wyoui";"1334600";"http://img411.imageshack.us/img411/4012/1002115.jpg";"(Gato)";","
"Garou: Mark of the Wolves";"gojirien";"1117300";"http://img513.imageshack.us/img513/339/dsc02737xn4.jpg";"(Marco)";","
"Garou: Mark of the Wolves";"Mpower";"1110400";"http://valou.ludo.free.fr/NEO/MOTW2.JPG";"(Kim Dong Hwan)";","
"Garou: Mark of the Wolves";"Ash";"1083500";"http://img325.imageshack.us/img325/4164/tizoc7ax.jpg";"(Tizoc)";","
"Garou: Mark of the Wolves";"Laurab4369";"1044800";"";"(Marco)";","
"Garou: Mark of the Wolves";"amano jyaku";"862500";"http://img381.imageshack.us/img381/7448/10006238fz.jpg";"(Tizoc)";","
"Garou: Mark of the Wolves";"birdy";"569300";"";"(Kim Jae Hoon)"

"Ghostlop";"Monokrom";"116"889";"http://desmond.imageshack.us/Himg17/scaled.php?server=17&filename=116889et.jpg&res=medium";"(all clear)"

"Ghost Pilots";"Twilight_Guardian";"1467000";"http://img13.imageshack.us/img13/585/img99422.jpg";"(Stage 6)";","
"Ghost Pilots";"Redemslug";"746600";"http://img189.imageshack.us/img189/7320/ghostpilots.jpg";"(Stage 4)";","
"Ghost Pilots";"Onihyde";"740000";"http://img88.imageshack.us/img88/4145/imag0325v.jpg";"(Stage 4)";","
"Ghost Pilots";"chacha";"611500";"http://cha.voila.net/conneries/SAM_0919.JPG";"(Stage 4)";","
"Ghost Pilots";"anzymus";"387200";"http://img221.imageshack.us/img221/9563/img1166y.jpg";"(Stage 2)";","
"Ghost Pilots";"NeoBob";"319500";"http://nsa25.casimages.com/img/2011/03/02//110302115349689035.jpg";"(Stage 2)"

"The King of Fighters '98: The Slugfest";"atomikwave";"861600";"http://img134.imageshack.us/img134/3159/dsc03010ad2.jpg";"(all clear)";","
"The King of Fighters '98: The Slugfest";"Tristan";"432200";"http://img177.imageshack.us/img177/7271/dsc00832hy2.jpg";"(all clear)";","
"The King of Fighters '98: The Slugfest";"juanito1979";"413900";"";"(all clear)";","
"The King of Fighters '98: The Slugfest";"Raphoon";"408300";"";"(all clear)";","
"The King of Fighters '98: The Slugfest";"Fartaz";"401400";"http://valou.ludo.free.fr/Fartaz/scores/kof98-a.jpg";"(all clear)";","
"The King of Fighters '98: The Slugfest";"laurab4369";"377100";"http://img366.imageshack.us/img366/1843/img0190ha6.jpg";"(all clear)";","
"The King of Fighters '98: The Slugfest";"tizoc";"336600";"";"(rugal)";","
"The King of Fighters '98: The Slugfest";"C.C. Lemon";"308600";"";"(rugal)";","
"The King of Fighters '98: The Slugfest";"nyx93";"302700";"http://i21.servimg.com/u/f21/15/81/39/76/kof98_10.jpg";"(rugal)";","
"The King of Fighters '98: The Slugfest";"DokTor";"272000";"http://doktoj.free.fr/score/scorek98_272000petit.jpg";"(rugal)";","
"The King of Fighters '98: The Slugfest";"birdy";"243000";"http://img293.imageshack.us/img293/9207/dscf0085lj2.jpg";"(rugal)";","
"The King of Fighters '98: The Slugfest";"amano jyaku";"233300";"";"(rugal)"

"The Last Blade / Bakumatsu Roman: Gekka no Kenshi";"Combo Maker";"855700";"";"Final stage (Moriya)";","
"The Last Blade / Bakumatsu Roman: Gekka no Kenshi";"Fartaz";"784500";"http://valou.ludo.free.fr/Fartaz/scores/lb1-a.jpg";"Final stage (Kaede)";","
"The Last Blade / Bakumatsu Roman: Gekka no Kenshi";"Maximus";"709700";"http://img521.imageshack.us/img521/9012/1012059rh6.jpg";"All clear (Zantetsu)";","
"The Last Blade / Bakumatsu Roman: Gekka no Kenshi";"gege4";"513400";"http://img63.imageshack.us/img63/8942/p1030254.jpg";" Musashi (Kaede)";","
"The Last Blade / Bakumatsu Roman: Gekka no Kenshi";"C.C. Lemon";"511400";"";"stage 6 (Lee)"

"The Last Blade 2 / Bakumatsu Roman: Dai Ni Maku Gekka no Kenshi";"Maximus";"1147700";"";"(Zantetsu/power mode) :  (Kouryu)";","
"The Last Blade 2 / Bakumatsu Roman: Dai Ni Maku Gekka no Kenshi";"juanito1979";"980900";"http://img172.imageshack.us/img172/8169/picture064ud5.jpg";"(Zantetsu/power mode) : (Kouryu)";","
"The Last Blade 2 / Bakumatsu Roman: Dai Ni Maku Gekka no Kenshi";"Raphoon";"852800";"";"(Lee Recca/speed mode ?) : (all clear)";","
"The Last Blade 2 / Bakumatsu Roman: Dai Ni Maku Gekka no Kenshi";"gojirien";"761900";"http://img529.imageshack.us/img529/204/dsc02988hy6.jpg";"(Kaede /Power mode) : (Kouryu)";","
"The Last Blade 2 / Bakumatsu Roman: Dai Ni Maku Gekka no Kenshi";"Ecclesiaste";"467700";"http://img223.imageshack.us/img223/418/dscf0939qe4.jpg";"Kanzaki Juzoh/Power mode) : (all clear)";","
"The Last Blade 2 / Bakumatsu Roman: Dai Ni Maku Gekka no Kenshi";"tizoc";"412100";"";"(Mukuro/?????) : (Kouryu)"

"Last Resort";"kvirgule";"561100";"http://img151.imageshack.us/img151/3403/img3050sd4.jpg";"(all clear)";","
"Last Resort";"Neograboss";"249500";"";"(stage 5)";","
"Last Resort";"Twilight_Guardian";"230700";"http://img716.imageshack.us/img716/1460/img97342.jpg";"(stage 5)";","
"Last Resort";"Redemslug";"186400";"http://img195.imageshack.us/img195/9493/lastresortc.jpg";"(stage 4)";","
"Last Resort";"Mpower";"185400";"http://valou.ludo.free.fr/NEO/Last_4.JPG";"(stage 4)";","
"Last Resort";"gege4";"177700";"";"(stage 4)";","
"Last Resort";"aescdmvs";"167300";"http://i44.tinypic.com/ay54ox.jpg";"(stage 4)";","
"Last Resort";"Fartaz";"165300";"";"(stage 3)";","
"Last Resort";"nekwe";"139800";"http://img834.imageshack.us/img834/5563/wp000011.jpg";"(stage 4)";","
"Last Resort";"NeoBob";"128800";"http://nsa11.casimages.com/img/2010/01/07//100107085428577897.jpg";"(stage 3)";","
"Last Resort";"PowerMarcel";"120100";"http://img237.imageshack.us/img237/5575/im000673cz0.jpg";"(stage 3)"

"League Bowling";"aescdmvs";"254";"http://i46.tinypic.com/351ww92.jpg";","
"League Bowling";"jimi";"247";"";","
"League Bowling";"Twilight_Guardian";"246";"http://img233.imageshack.us/img233/5944/img97282.jpg";","
"League Bowling";"kurush75";"244";"http://img195.imageshack.us/img195/7273/bowling003b.jpg";","
"League Bowling";"Mpower";"237";"";","
"League Bowling";"Onihyde";"237";"";","
"League Bowling";"amano jyaku";"235";"";","
"League Bowling";"fabaway";"226";"";","
"League Bowling";"Kim Dong Hwan";"225";"";","
"League Bowling";"C.C Lemon";"225";"";","
"League Bowling";"gojirien";"225";"http://img2.uplood.fr/free/a1pt_dsc03921.jpg";","
"League Bowling";"homer92";"222";"http://img830.imageshack.us/img830/6933/img0474mz.jpg";","
"League Bowling";"Fartaz";"216";"";","
"League Bowling";"7SOUNA";"212";"";","
"League Bowling";"Cho Aniki";"211";""

"Magical Drop III";"Julio";"1537560";"";"(26 reactions)";","
"Magical Drop III";"YAS";"403812";"http://img160.imageshack.us/img160/2906/scoreyasmd3dc7.jpg";"(19 reactions)"

"Magician Lord";"Twilight_Guardian";"903490";"http://img818.imageshack.us/img818/3452/img95582.jpg";"(stage 5)";","
"Magician Lord";"gege4";"244510";"http://desmond.imageshack.us/Himg19/scaled.php?server=19&filename=p1010650yr7.jpg&res=medium";"(stage 5)";","
"Magician Lord";"aescdmvs";"147590";"";"(stage 5)";","
"Magician Lord";"Fartaz";"97800";"";"(stage 2)"

"Metal Slug: Super Vehicle-001";"Auber1083";"2620740";"";"(all clear)";","
"Metal Slug: Super Vehicle-001";"catharsis";"2294740";"http://img141.imageshack.us/img141/424/img00271nj0.jpg";"(stage 5)";","
"Metal Slug: Super Vehicle-001";"capo";"1336570";"http://img250.imageshack.us/img250/2326/slug1bsb1.jpg";"(all clear)";","
"Metal Slug: Super Vehicle-001";"Cho Aniki";"1164150";"http://img130.imageshack.us/img130/977/metalslug16uo.jpg";"(stage 6)";","
"Metal Slug: Super Vehicle-001";"michel";"1003750";"http://img27.imageshack.us/img27/6338/dsc00113jj.jpg";"(stage 6)";","
"Metal Slug: Super Vehicle-001";"pie";"935060";"http://img369.imageshack.us/img369/7526/p91301226hx.jpg";"(stage 6)";","
"Metal Slug: Super Vehicle-001";"NeoBob";"895030";"http://nsa10.casimages.com/img/2009/11/28//091128080657619243.jpg";"(stage 6)";","
"Metal Slug: Super Vehicle-001";"Mpower";"894600";"http://valou.ludo.free.fr/NEO/Slug1_5.JPG";"(stage 6)";","
"Metal Slug: Super Vehicle-001";"NeoJin";"705740";"http://img35.imageshack.us/img35/2301/scoremslug.jpg";"(stage 6)";","
"Metal Slug: Super Vehicle-001";"Fartaz";"652020";"";"(stage 6)";","
"Metal Slug: Super Vehicle-001";"C.C. Lemon";"620390";"";"(stage 5)";","
"Metal Slug: Super Vehicle-001";"7SOUNA";"593080";"http://img213.imageshack.us/img213/2363/imgp19892lz.jpg";"(stage 5)";","
"Metal Slug: Super Vehicle-001";"Sheeew";"538360";"";"(stage 4)";","
"Metal Slug: Super Vehicle-001";"Ryo Sakazaki";"505500";"";"(stage 5)";","
"Metal Slug: Super Vehicle-001";"luke2fr";"496530";"http://img166.imageshack.us/img166/4416/scorelukms1iq4.jpg";"(stage 3)";","
"Metal Slug: Super Vehicle-001";"birdy";"384670";"http://img28.imageshack.us/img28/2728/p1020763x.jpg";"(stage 3)";","
"Metal Slug: Super Vehicle-001";"saoullabit";"258500";"";"(stage ?)";","
"Metal Slug: Super Vehicle-001";"manjimaru22";"224390";"(stage 3)";","
"Metal Slug: Super Vehicle-001";"aescdmvs";"222880";"";"(stage 3)";","
"Metal Slug: Super Vehicle-001";"fabaway";"198770";"";"(stage 2)"

"Metal Slug 2: Super Vehicle-001/II";"Auber1083";"3734440";"http://img299.imageshack.us/img299/9629/topscoreb.jpg";"(stage 6)";","
"Metal Slug 2: Super Vehicle-001/II";"NeoBob";" 2549980";"http://nsa25.casimages.com/img/2011/02/22//110222113008881426.jpg";"(stage 6)";","
"Metal Slug 2: Super Vehicle-001/II";"Takou";"1182820";"http://svcchaos.free.fr/Neo/Hi-Scores/Hi-Score_MetalSlug2_A.JPG";"(stage 4)";","
"Metal Slug 2: Super Vehicle-001/II";"luke2fr";"848330";"http://img840.imageshack.us/img840/6519/scorelukmetalslug2.jpg";"(stage 3)";","
"Metal Slug 2: Super Vehicle-001/II";"anzymus";"687140";"http://dragonspyro93.free.fr/neogeo/hiscores/hiscores_metal_slug_2_687140.JPG";"(stage 3)"

"Metal Slug 3";"Auber1083";"7638760";"http://img525.imageshack.us/img525/5623/topslug3.jpg";"(all clear)";","
"Metal Slug 3";"juanito1979";"5558140";"";"(stage 5)";","
"Metal Slug 3";"Onihyde";"4878060";"";"(stage 5)";","
"Metal Slug 3";"capo";" 4518850";"http://img406.imageshack.us/img406/3622/slug30420yr4.jpg";"(stage 5)";","
"Metal Slug 3";"Fartaz";" 1948620";"http://valou.ludo.free.fr/Fartaz/scores/slug3-b.jpg";"(stage 4)";","
"Metal Slug 3";"gege4";"1780940";"http://img514.imageshack.us/img514/9406/p1000628hn6.jpg";"(stage 3 - boss)";","
"Metal Slug 3";"7SOUNA";"1592910";"";"(stage 4)";","
"Metal Slug 3";"luke2fr";"1464870";"http://img315.imageshack.us/img315/1724/scorelukms35gr.jpg";"(stage 3)";","
"Metal Slug 3";"checc";"1275880";"";"(stage 4)";","
"Metal Slug 3";"pie";"1252450";"";"(stage 3 - boss)";","
"Metal Slug 3";"beule1";"1244700";"";"(stage 3 - boss)";","
"Metal Slug 3";"just";"1239840";"http://i25.servimg.com/u/f25/16/45/38/24/00810.jpg";"(stage 3)";","
"Metal Slug 3";"Mpower";"1149170";"http://valou.ludo.free.fr/NEO/Slug3_2.JPG";"(stage 3)";","
"Metal Slug 3";"aescdmvs";"1114080";"";"(stage 3)";","
"Metal Slug 3";"NeoBob";"1112400";"http://nsa23.casimages.com/img/2010/10/20//101020065733449574.jpg";"(stage 3)";","
"Metal Slug 3";"Charles";"905080";"";"(stage 2 - boss)";","
"Metal Slug 3";"fabaway";"753070";"http://img484.imageshack.us/img484/4618/img26886mo.jpg";"(stage 2)";","
"Metal Slug 3";"Tormento";"720680";"";"(stage 2 - boss)"

"Metal Slug 4";"Auber1083";"5833770";"http://img23.imageshack.us/img23/6228/topslug4.jpg";"(all clear)";","
"Metal Slug 4";"juanito1979";"1146920";"";"(stage 4)";","
"Metal Slug 4";"just";"986060";"http://img26.imageshack.us/img26/1285/001uyf.jpg";"(stage 2)";","
"Metal Slug 4";"laurab4369";"802560";"http://img509.imageshack.us/img509/9274/img0004ye2.jpg";"(stage 2)";","
"Metal Slug 4";"Ryo Sakazaki";"431620";"";"(stage 2)";","
"Metal Slug 4";"NeoBob";"380040";"http://nsa26.casimages.com/img/2011/02/27//110227075602881281.jpg";"(stage 2)";","
"Metal Slug 4";"luke2fr";"340330";"http://img481.imageshack.us/img481/2548/scorelukms4jg0.jpg";"(stage 2)";","
"Metal Slug 4";"Cho Aniki";"310310";"";"(stage 2)";","
"Metal Slug 4";"Tormento";"174720";"";"(stage 2)"

"Metal Slug 5";"Auber1083";"2199910";"http://img70.imageshack.us/img70/8963/topslug5pv9.jpg";"(stage 5 mort devant le boss de fin)";","
"Metal Slug 5";"NeoBob";"768310";"http://nsa15.casimages.com/img/2010/05/05//100505083918245588.jpg";"(stage 2)"

"Metal Slug X: Super Vehicle-001";"Auber1083";"5882120";"";"(all clear)";","
"Metal Slug X: Super Vehicle-001";"capo";"4651970";"http://img123.imageshack.us/img123/8373/slugxallclearmi5.jpg";"(all clear)";","
"Metal Slug X: Super Vehicle-001";"Twilight_Guardian";"4149990";"http://img713.imageshack.us/img713/3637/img04122.jpg";"(stage 6)";","
"Metal Slug X: Super Vehicle-001";"NeoBob";"3952910";"http://nsa14.casimages.com/img/2010/05/05//10050508354423744.jpg";"(stage 6)";","
"Metal Slug X: Super Vehicle-001";"yori";"3419680";"";"(stage 6)";","
"Metal Slug X: Super Vehicle-001";"Fernandeath";"3060180";"http://img430.imageshack.us/img430/9228/ms11xw5.jpg";"(stage 4)";","
"Metal Slug X: Super Vehicle-001";"Onihyde";"2614730";"http://img297.imageshack.us/img297/3963/dscn05810lq.jpg";"(stage 5)";","
"Metal Slug X: Super Vehicle-001";"rotorvator";"2354760";"";"(stage 4)";","
"Metal Slug X: Super Vehicle-001";"7SOUNA";"2279750";"";"(stage 5)";","
"Metal Slug X: Super Vehicle-001";"Mpower";"2240350";"http://valou.ludo.free.fr/NEO/SlugX5.JPG";"(stage 4)";","
"Metal Slug X: Super Vehicle-001";"kamui-san";"1953650";"http://img580.imageshack.us/img580/4628/dsc00467o.jpg";"(stage 3)";","
"Metal Slug X: Super Vehicle-001";"batman";"1819660";"http://img844.imageshack.us/img844/6205/imgp0810z.jpg";"(stage 5)";","
"Metal Slug X: Super Vehicle-001";"Fartaz";"1764820";"";"(stage 3)";","
"Metal Slug X: Super Vehicle-001";"Charles";"1729980";"";"(stage 3)";","
"Metal Slug X: Super Vehicle-001";"Takou";"1530770";"http://svcchaos.free.fr/Neo/Hi-Scores/Hi-Score_MetalSlugX_E.JPG";"(stage 3)";","
"Metal Slug X: Super Vehicle-001";"chacha";"1337350";"http://cha.voila.net/conneries/MSX_1_337_350_.jpg";"(stage 3)"

"Money Puzzle Exchanger / Money Idol Exchanger";"Runik";"124455";"http://runik.free.fr/Arcade/Scores/MIEX_50.jpg";"(5 chains)"

"Mutation Nation";"fafa41";"1100500";"http://img4.hostingpics.net/pics/696816IMG0106.jpg";"(stage 6)";","
"Mutation Nation";"shupmaster";"1063700";"http://img401.imageshack.us/img401/3033/p1000105hf0.jpg";"(stage 6)";","
"Mutation Nation";"Neograboss";"482800";"http://img217.imageshack.us/img217/6765/mn0066lg.jpg";"(stage 4)";","
"Mutation Nation";"Onihyde";"314400";"http://img233.imageshack.us/img233/7561/imag0428.jpg";"(stage 3)";","
"Mutation Nation";"Fartaz";"235900";"";"(stage 3)";","
"Mutation Nation";"kurush75";"148400";"http://img835.imageshack.us/img835/5264/mutation.jpg";"(stage 2 - boss)";","
"Mutation Nation";"anzymus";"112800";"http://img135.imageshack.us/img135/197/img1204mw.jpg";"(stage 2)"

"NAM-1975";"gege4";"883100";"http://img855.imageshack.us/img855/2031/p1060590.jpg";"(all clear)";","
"NAM-1975";"Twilight_Guardian";"840400";"http://img814.imageshack.us/img814/1492/img97782.jpg";"(all clear)";","
"NAM-1975";"Mpower";"703900";"http://valou.ludo.free.fr/NEO/NAM75_5.jpg";"(stage 6)";","
"NAM-1975";"Combo Maker";"578800";"http://img16.imageshack.us/img16/117/p1050101l.jpg";"(stage 5)";","
"NAM-1975";"Redemslug";"531600";"http://img225.imageshack.us/img225/6792/nam75.jpg";"(stage 5)";","
"NAM-1975";"tomil";"524100";"http://img196.imageshack.us/img196/6515/photo0002rv.jpg";"(stage 5)";","
"NAM-1975";"Neograboss";"486500";"http://img60.imageshack.us/img60/3762/n750024be.jpg";"(stage 5)";","
"NAM-1975";"NeoBob";"398100";"http://nsa25.casimages.com/img/2011/02/02//110202074347905865.jpg";"(stage 4)";","
"NAM-1975";"yori";"347200";"";"(stage 4)";","
"NAM-1975";"aescdmvs";"244700";"";"(stage 3)";","
"NAM-1975";"juanito1979";"239000";"";"(stage 3)";","
"NAM-1975";"Fartaz";"186800";"";"(stage 3)";","
"NAM-1975";"anzymus";"156900";"http://img37.imageshack.us/img37/5290/img1200fr.jpg";"(stage 2)";","
"NAM-1975";"birdy";"137800";"";"(stage 2)"

"Neo Drift Out: New Technology";"Mpower";"6:55:78";"http://valou.ludo.free.fr/NEO/Driftout_6.JPG";","
"Neo Drift Out: New Technology";"NeoBob";"6:57:70";"http://nsa10.casimages.com/img/2009/12/28//091228023811419369.jpg";","
"Neo Drift Out: New Technology";"Guyz";"6:59:20";"http://img150.imageshack.us/img150/9318/img0107lrr5.jpg";","
"Neo Drift Out: New Technology";"Tarma";"7:11:05";"";","
"Neo Drift Out: New Technology";"michel";"7:18:82";"http://img128.imageshack.us/img128/3048/neogeodriftoutl.jpg";","
"Neo Drift Out: New Technology";"aescdmvs";"7:25:95";"";","
"Neo Drift Out: New Technology";"amano jyaku";"7:28:10";""

"Neo Turf Masters / Big Tournament Golf";"juanito1979";"-14";"";"(Seaside - Australia)";","
"Neo Turf Masters / Big Tournament Golf";"Redemslug";"-13";"http://img7.imageshack.us/img7/6697/dscn2176w.jpg";"(Fujiyama - Japan)";","
"Neo Turf Masters / Big Tournament Golf";"NeoBob";"-12";"http://nsa14.casimages.com/img/2010/06/05//10060501010194409.jpg";"(Seaside - Australia)";","
"Neo Turf Masters / Big Tournament Golf";"fafa41";"-12";"http://img4.hostingpics.net/pics/157309IMG00025201012282129.jpg";"(Seaside - Australia)";","
"Neo Turf Masters / Big Tournament Golf";"pitufo";"-11";"";"(Seaside - Australia)";","
"Neo Turf Masters / Big Tournament Golf";"Mpower";"-11";"http://valou.ludo.free.fr/NEO/NTM_1.JPG";"(Seaside - Australia)";","
"Neo Turf Masters / Big Tournament Golf";"Reyko";"-8";"http://img412.imageshack.us/img412/2733/btg0ml.jpg";"(Seaside - Australia)";","
"Neo Turf Masters / Big Tournament Golf";"krishnou";"-8";"http://img829.imageshack.us/img829/7391/dsc00369rv.jpg";"(Seaside - Australia)";","
"Neo Turf Masters / Big Tournament Golf";"Fartaz";"-6";"";"(Seaside - Australia)";","
"Neo Turf Masters / Big Tournament Golf";"chacha";"-3";"http://cha.voila.net/conneries/NTM_3_.jpg";"(Seaside - Australia)"

"Ninja Commando";"shupmaster";"2404260";"http://images2.hiboox.com/images/0609/diapo3c76fb3a7016b500ea9e0fb82849d2b0.gif?6";"ALL";","
"Ninja Commando";"juanito1979";"137550";"http://img153.imageshack.us/img153/4781/picture119pw2.jpg";"stage 3"

"Prehistoric Isle 2";"Fartaz";"34559100";"";"(13 otages - stage 5)";","
"Prehistoric Isle 2";"7SOUNA";"25305400";"";"(14 otages - stage 4)";","
"Prehistoric Isle 2";"aescdmvs";"14907200";"";"(8 otages - stage 3)";","
"Prehistoric Isle 2";"Charles";"3899600";"";"(5 otages - stage 2)"

"Pulstar";"kvirgule";"1030580";"http://img403.imageshack.us/img403/8844/img0128uz4.jpg";"(all clear en level 8 !)";","
"Pulstar";"chacha";"550180";"http://cha.voila.net/conneries/PULSTAR_550_180_.jpg","(stage 5)";","
"Pulstar";"juanito1979";"497980";"";"(stage 5)";","
"Pulstar";"Raphoon";"359290";"";"(stage 4 - boss)";","
"Pulstar";"NeoBob";"247710";"http://nsa15.casimages.com/img/2010/07/04//100704065301526847.jpg";"(stage 3)";","
"Pulstar";"Mpower";"234620";"http://valou.ludo.free.fr/NEO/Pulstar.JPG";"(stage 3)";","
"Pulstar";"luke2fr";"189830";"http://img513.imageshack.us/img513/6594/scorelukpulstar.jpg";"(stage 2)";","
"Pulstar";"aescdmvs";"170990";"";"(stage 2 - boss)";","
"Pulstar";"Debadeu";"124190";"http://perso.wanadoo.fr/manuel-neogeo/Hi-Scores/Pulstar.JPG";"(stage 2)"

"Bust A Move / Puzzle Bobble";"Raphoon";"19.951.970";"";"(round 25)";","
"Bust A Move / Puzzle Bobble";"dracoel";"12.964.960";"";"(round 25)";","
"Bust A Move / Puzzle Bobble";"neo-syu";"12.697.920";"http://syusuke.fuji.free.fr/IMG_0112.JPG";"(round 16)";","
"Bust A Move / Puzzle Bobble";"luke2fr";"8.759.110";"http://i1141.photobucket.com/albums/n596/luke2fr/IMGP0468.jpg";"(round 21)";","
"Bust A Move / Puzzle Bobble";"Thom";"6.734.880";"";"(round 26)";","
"Bust A Move / Puzzle Bobble";"FAAP";"6.095.050";"";"(round 19)";","
"Bust A Move / Puzzle Bobble";"Mpower";"3.970.280";"http://valou.ludo.free.fr/NEO/Puzzle2.JPG";"(round 20)";","
"Bust A Move / Puzzle Bobble";"saoullabit";"2.851.870";"";"(round 15)";","
"Bust A Move / Puzzle Bobble";"fabaway";"2.088.830";"";"(round 8)";","
"Bust A Move / Puzzle Bobble";"7SOUNA";"1.760.530";"";"(round 6)";","
"Bust A Move / Puzzle Bobble";"snocyr";"1.759.460";"";"(round 25)"

"Real Bout Fatal Fury / Real Bout Garou Densetsu";"Neograboss";"923800";"http://img444.imageshack.us/img444/7409/rb0086lb.jpg";"(Terry Bogard)";","
"Real Bout Fatal Fury / Real Bout Garou Densetsu";"kurush75";"432200";"http://img52.imageshack.us/img52/3896/realbout01atalfury.jpg";"(Terry Bogard)";","
"Real Bout Fatal Fury / Real Bout Garou Densetsu";"anzymus";"321500";"http://img192.imageshack.us/img192/4214/img1206gj.jpg";"(Terry Bogard)"

"Real Bout Fatal Fury 2: The Newcomers / Real Bout Garou Densetsu 2: The Newcomers";"atomikwave";"1447800";"";"(Sokaku)";","
"Real Bout Fatal Fury 2: The Newcomers / Real Bout Garou Densetsu 2: The Newcomers";"Maximus";"1220500";"http://img442.imageshack.us/img442/2597/1010808mr4.jpg";"(Hon Fu)";","
"Real Bout Fatal Fury 2: The Newcomers / Real Bout Garou Densetsu 2: The Newcomers";"Raphoon";"1006500";"";"(Kim Kaphwan)";","
"Real Bout Fatal Fury 2: The Newcomers / Real Bout Garou Densetsu 2: The Newcomers";"Tarma";"987500";"";"(Joe Higashi)";","
"Real Bout Fatal Fury 2: The Newcomers / Real Bout Garou Densetsu 2: The Newcomers";"7SOUNA";"899600";"";"(Joe Higashi)";","
"Real Bout Fatal Fury 2: The Newcomers / Real Bout Garou Densetsu 2: The Newcomers";"Neograboss";"892500";"";"(Terry Bogard)";","
"Real Bout Fatal Fury 2: The Newcomers / Real Bout Garou Densetsu 2: The Newcomers";"gojirien";"774800";"http://img88.imageshack.us/img88/3294/dsc02558hr9.jpg";"(Kim Kaphwan)";","
"Real Bout Fatal Fury 2: The Newcomers / Real Bout Garou Densetsu 2: The Newcomers";"rotorvator";"623000";"";"(Joe Higashi)";","
"Real Bout Fatal Fury 2: The Newcomers / Real Bout Garou Densetsu 2: The Newcomers";"amano jyaku";"601200";"http://img26.imageshack.us/img26/5994/rb2w.jpg";"(Terry Bogard)";","
"Real Bout Fatal Fury 2: The Newcomers / Real Bout Garou Densetsu 2: The Newcomers";"anzymus";"569300";"http://img90.imageshack.us/img90/6258/img1190kp.jpg";"(Terry Bogard)"

"Real Bout Fatal Fury Special / Real Bout Garou Densetsu Special";"atomikwave";"1549600";"http://img518.imageshack.us/img518/6451/dsc03026pi9.jpg";"(Billy Kane)";","
"Real Bout Fatal Fury Special / Real Bout Garou Densetsu Special";"Maximus";"1310900";"http://img387.imageshack.us/img387/4317/honfu9mz.jpg";"(Hon Fu)";","
"Real Bout Fatal Fury Special / Real Bout Garou Densetsu Special";"Raphoon";"1247500";"";"(Mai Shiranui)";","
"Real Bout Fatal Fury Special / Real Bout Garou Densetsu Special";"Tarma";"1138900";"";"(Terry Bogard)";","
"Real Bout Fatal Fury Special / Real Bout Garou Densetsu Special";"juanito1979";"1014700";"http://img90.imageshack.us/img90/3235/p4270679.jpg";"(Wolfgang Krauser)";","
"Real Bout Fatal Fury Special / Real Bout Garou Densetsu Special";"Onihyde";"952800";"";"(Hon Fu)";","
"Real Bout Fatal Fury Special / Real Bout Garou Densetsu Special";"Francklin";"925900";"http://img471.imageshack.us/img471/2263/dsc0103ic3.jpg";"(Terry Bogard)";","
"Real Bout Fatal Fury Special / Real Bout Garou Densetsu Special";"Neograboss";"865800";"http://img391.imageshack.us/img391/6574/rbs0115oa.jpg";"(Terry Bogard)

"Robo Army";"Twilight_Guardian";"86900";"http://img820.imageshack.us/img820/584/img04822.jpg";"(stage 5 - boss)";","
"Robo Army";"just";"76900";"http://img232.imageshack.us/img232/8680/003hob.jpg";"(stage 5)";","
"Robo Army";"juanito1979";"39800";"http://img25.imageshack.us/img25/5374/picture121oh5.jpg";"(stage 3)";","
"Robo Army";"kurush75";"32900";"http://img821.imageshack.us/img821/4363/roboarmy.jpg";"(stage 3)";","
"Robo Army";"aescdmvs";"31600";"http://i43.tinypic.com/28atapw.jpg";"(stage 3)"

"Samurai Shodown / Samurai Spirits";"Combo Maker";"700760";"http://img76.imageshack.us/img76/507/p1050552e.jpg";"stage 7 (Charlotte)";","
"Samurai Shodown / Samurai Spirits";"Jessy";"676380";"";"stage 7 (Charlotte)";","
"Samurai Shodown / Samurai Spirits";"Fartaz";"653310";"http://valou.ludo.free.fr/Fartaz/scores/ss.jpg";"all clear (Haohmaru)";","
"Samurai Shodown / Samurai Spirits";"juanito1979";"567570";"";"all clear (Gen An)";","
"Samurai Shodown / Samurai Spirits";"anzymus";"285340";"http://imageshack.us/photo/my-images/822/img1170qvg.jpg/";"stage 8 (Haohmaru)";","
"Samurai Shodown / Samurai Spirits";"C.C. Lemon";"278320";"";"stage 7 (Haohmaru)";","
"Samurai Shodown / Samurai Spirits";"kurush75";"214930";"http://img101.imageshack.us/img101/2228/samuraispirits.jpg";"stage 5 (Charlotte)";","
"Samurai Shodown / Samurai Spirits";"Redemslug";"200040";"http://img846.imageshack.us/img846/294/samouraispiritsi.jpg";"stage 6 (Charlotte)";","
"Samurai Shodown / Samurai Spirits";"aescdmvs";"146950";"";"stage 4 (Kyoshiro)";","
"Samurai Shodown / Samurai Spirits";"PowerMarcel";"101520";"";"stage 4 (Gen An)";","
"Samurai Shodown / Samurai Spirits";"birdy";"74980";"";"stage 3 (Hanzo)"

"Samurai Shodown II / Shin Samurai Spirits: Haohmaru Jigokuhen";"atomikwave";"199350";"";"ALL";","
"Samurai Shodown II / Shin Samurai Spirits: Haohmaru Jigokuhen";"juanito1979";"161470";"";"ALL";","
"Samurai Shodown II / Shin Samurai Spirits: Haohmaru Jigokuhen";"Neograboss";"142180";"";"MIZUKI";","
"Samurai Shodown II / Shin Samurai Spirits: Haohmaru Jigokuhen";"Onihyde";"110020";"http://imageshack.us/photo/my-images/717/dsc00210tp.jpg";"stage 10";","
"Samurai Shodown II / Shin Samurai Spirits: Haohmaru Jigokuhen";"aescdmvs";"104220";"http://i44.tinypic.com/2hmplkx.jpg";"stage 11";","
"Samurai Shodown II / Shin Samurai Spirits: Haohmaru Jigokuhen";"Raphoon";"101430";"";"";","
"Samurai Shodown II / Shin Samurai Spirits: Haohmaru Jigokuhen";"anzymus";"94210";"http://imageshack.us/photo/my-images/651/img1199le.jpg";"stage 9";","
"Samurai Shodown II / Shin Samurai Spirits: Haohmaru Jigokuhen";"Redemslug";"71590";"";stage 6";","
"Samurai Shodown II / Shin Samurai Spirits: Haohmaru Jigokuhen";"Cho Aniki";"49000";"http://img302.imageshack.us/my.php?image=samuraispirits21qb.jpg";"stage 4";","
"Samurai Shodown II / Shin Samurai Spirits: Haohmaru Jigokuhen";"C.C. Lemon";"45730";"";"stage 4";","
"Samurai Shodown II / Shin Samurai Spirits: Haohmaru Jigokuhen";"Thestrokes";"33410";"http://isthisit.free.fr/The%20Strokes%20(JUL)%20Sam%20Spirits%202%20(33410).jpg";"stage 4"

"Samurai Shodown IV: Amakusa's Revenge / Samurai Spirits: Amakusa Kourin";"Maximus";"12:55:50";"";"all clear Kazuki (rasetsu)" 

"Sengoku / Sengoku Denshou";"wyoui";"80600";"http://img42.imageshack.us/img42/512/1002689ze.jpg";"(stage 2)";","
"Sengoku / Sengoku Denshou";"Twilight_Guardian";"79300";"http://img5.imageshack.us/img5/4346/img98052.jpg";"(stage 2)";","
"Sengoku / Sengoku Denshou";"Redemslug";"35300";"http://img163.imageshack.us/img163/8067/sengokui.jpg";"(stage 1 - boss)"

"Sengoku 2 / Sengoku Denshou 2";"NeoJin";"115200";"http://img707.imageshack.us/img707/9459/sengoku2score.jpg";"(stage 2)";","
"Sengoku 2 / Sengoku Denshou 2";"juanito1979";"111400";"http://img188.imageshack.us/img188/6392/p7080745.jpg";"(stage 2)";","
"Sengoku 2 / Sengoku Denshou 2";"Redemslug";"108800";"http://img97.imageshack.us/img97/4318/sengokuii.jpg";"(stage 2)";","
"Sengoku 2 / Sengoku Denshou 2";"Mpower";"100300";"http://valou.ludo.free.fr/NEO/Sengoku2.JPG";"(stage 2)";","
"Sengoku 2 / Sengoku Denshou 2";"aescdmvs";"77650";"http://i41.tinypic.com/335gyvk.jpg";"(stage 2)"

"Sengoku 3 / Sengoku Legends 2001";"Mpower";"464900";"http://valou.ludo.free.fr/NEO/Sengoku3_2.JPG";"(stage 3 - Italie - boss)";","
"Sengoku 3 / Sengoku Legends 2001";"Neograboss";"415400";"http://img291.imageshack.us/img291/9164/s30276pd.jpg";"(stage 2 - Japon)";","
"Sengoku 3 / Sengoku Legends 2001";"Ash";"283600";"";"(stage 2 - Japon)";","
"Sengoku 3 / Sengoku Legends 2001";"7SOUNA";"255300";"";"(stage 2 - Italie)";","
"Sengoku 3 / Sengoku Legends 2001";"NeoBob";"216400";"http://nsa25.casimages.com/img/2011/02/27//110227075826388491.jpg";"(stage 2 - Italie)";","
"Sengoku 3 / Sengoku Legends 2001";"Tormento";"204500";"";"(stage 1 - Chine - boss)"

"Shock Troopers";"Auber1083";"26150900";"http://img694.imageshack.us/img694/1148/topscorek.jpg";"(all clear - Milky)";","
"Shock Troopers";"Juanito1979";"11514400";"";"(valley route stage 6 - Big mama)";","
"Shock Troopers";"B. Yoo";"10158300 ";"http://i19.servimg.com/u/f19/11/29/64/44/shock10.jpg";"(valley route stage 7 - Big mama)";","
"Shock Troopers";"Mpower";"9543900";"http://valou.ludo.free.fr/NEO/ST_7.JPG";"(jungle route stage 6 - Big mama)";","
"Shock Troopers";"Jojo21";"9042000";"";"(valley route stage 5 - Marie bee)";","
"Shock Troopers";"Cho Aniki";"6611000";"";"(valley route stage 5 - Maru)";","
"Shock Troopers";"NeoBob";"6039400";"http://nsa11.casimages.com/img/2009/11/27//091127081501755102.jpg";"(jungle route stage 6 - Big mama)"

"Shock Troopers 2nd Squad";"Onihyde";"3108690";"";"(stage 4)";","
"Shock Troopers 2nd Squad";"yori";"2949760";"http://img161.imageshack.us/img161/3176/img5158ky3.jpg";"(stage 4)";","
"Shock Troopers 2nd Squad";"Tormento";"2539570";"http://img280.imageshack.us/img280/646/hiscores9cz.jpg"(stage 3)";","
"Shock Troopers 2nd Squad";"Fartaz";"1191770";"";"(stage 2)";","
"Shock Troopers 2nd Squad";"aescdmvs";"1243600";"";"(stage 2)";","
"Shock Troopers 2nd Squad";"7SOUNA";"1216700";"";"(stage 2)"

"Spin Master / Miracle Adventure";"Auber1083";"733400";"http://img221.imageshack.us/img221/1159/topscorenomiss.jpg";"(all clear - no miss)";","
"Spin Master / Miracle Adventure";"Redemslug";"442000";"http://img51.imageshack.us/img51/5812/spinmaster.jpg";"";","
"Spin Master / Miracle Adventure";"kurush75";"430500";"http://img818.imageshack.us/img818/4552/miracleadventure.jpg";"";","
"Spin Master / Miracle Adventure";"anzymus";"265100";"http://img163.imageshack.us/img163/3357/img1205bw.jpg";""

"Strikers 1945 Plus (with two lives)";"Nicolas";"746400";"http://img139.imageshack.us/img139/9128/img08973ed.jpg";"(stage 7 - pancake)";","
"Strikers 1945 Plus (with two lives)";"mlejazz";"508300";"http://img146.imageshack.us/img146/4673/image23df6.jpg";"(stage 5 - fiat)";","
"Strikers 1945 Plus (with two lives)";"Cho Aniki";" 413900";"";"(stage 4 - ascender)";","
"Strikers 1945 Plus (with two lives)";"luke2fr";" 407200";"http://img95.imageshack.us/img95/9864/scoreluks1945px4.jpg";"(stage 4 - pancake)";","
"Strikers 1945 Plus (with two lives)";"Tormento";" 404200";"http://img414.imageshack.us/img414/5055/strik0gd.jpg";"(stage 4 - pancake)";","
"Strikers 1945 Plus (with two lives)";"AMIGATARI";" 383900";"http://img651.imageshack.us/img651/9005/img7776.jpg";"(stage 4 - spitfire)";","
"Strikers 1945 Plus (with two lives)";"rotorvator";"382500";"";"(stage 4 - spitfire)";","
"Strikers 1945 Plus (with two lives)";"shubibiman";" 355000";"";"(stage 4 - pancake)";","
"Strikers 1945 Plus (with two lives)";"7SOUNA";" 339600";"";"(stage 4 - pancake)";","
"Strikers 1945 Plus (with two lives)";"osn19";" 277000";"";"(stage 3 - pancake)";","
"Strikers 1945 Plus (with two lives)";"Charles";" 223900";"";"(stage 3 - pancake)"

"Strikers 1945 Plus (with three lives)";" Onihyde";"596300";"";"(stage 6 - pancake)";","
"Strikers 1945 Plus (with three lives)";" gege4";" 570000";"http://img14.imageshack.us/img14/9042/p1010844l.jpg";"(stage 6 - pancake)";","
"Strikers 1945 Plus (with three lives)";" Cho Aniki";"551600";"http://img181.imageshack.us/img181/579/img4659lm3.jpg";"(stage 5 - ascender)";","
"Strikers 1945 Plus (with three lives)";" Tormento";" 547500";"";"(stage 5 - pancake)";","
"Strikers 1945 Plus (with three lives)";" NeoBob";" 522600";"http://nsa11.casimages.com/img/2009/12/16//091216081349605806.jpg";"(stage 5 - pancake)";","
"Strikers 1945 Plus (with three lives)";" Fartaz ";"483800";"";"(stage 5 - pancake)";","
"Strikers 1945 Plus (with three lives)";" chacha";" 461400";"http://cha.site.voila.fr/conneries/03_06_2009_070.jpg";"(stage 5 - pancake)";","
"Strikers 1945 Plus (with three lives)";" shubibiman";" 391700";"";"(stage 4 - pancake)";","
"Strikers 1945 Plus (with three lives)";" fabaway ";" 264400";"";"(stage 3 - pancake)"

"Super Sidekicks 3: The Next Glory / Tokuten Ou 3: Eikoue no Michi";"Fartaz";"12";"http://valou.ludo.free.fr/Fartaz/scores/ss3.jpg";"finale";","
"Super Sidekicks 3: The Next Glory / Tokuten Ou 3: Eikoue no Michi";"kurush75";"8";"http://imageshack.us/photo/my-images/703/ss3002supersidekicks.jpg";"finale";","
"Super Sidekicks 3: The Next Glory / Tokuten Ou 3: Eikoue no Michi";"Mitsu";"7";"http://rokodenashi.free.fr/ssk3_1.jpg";"finale";","
"Super Sidekicks 3: The Next Glory / Tokuten Ou 3: Eikoue no Michi";"Thestrokes";"11";"http://isthisit.free.fr/The%20Strokes%20(JUL)%20Super%20Sidekicks%203%20(demi-finale%20+11).jpg";"1/2 finale";","
"Super Sidekicks 3: The Next Glory / Tokuten Ou 3: Eikoue no Michi";"Mpower";"11";"http://valou.ludo.free.fr/NEO/SS3_1.JPG";"1/2 finale";","
"Super Sidekicks 3: The Next Glory / Tokuten Ou 3: Eikoue no Michi";"gen-an80";"6";"";"1/2 finale";","
"Super Sidekicks 3: The Next Glory / Tokuten Ou 3: Eikoue no Michi";"amano jyaku";"8";"";"1/4 finale";","
"Super Sidekicks 3: The Next Glory / Tokuten Ou 3: Eikoue no Michi";"aescdmvs";"7";"";"1/4 finale"

"Thrash Rally";"Mpower";"3:07:21";"";"N'oubliez pas de me MPiser si quelqu'un passe la barre des 3'07 ^^";","
"Thrash Rally";"Redemslug";"3:09:13";"http://img837.imageshack.us/img837/3552/thrashrally.jpg";"Respect Mpopo :love:";","
"Thrash Rally";"michel";"3:09:17";"http://img167.imageshack.us/img167/6607/trashrallymichel.jpg";"avec la thunderjet";","
"Thrash Rally";"Tarma";"3:09:47";"";"";","
"Thrash Rally";"krust";"3:09:48";"";"";","
"Thrash Rally";"Fartaz";"3:10:41";"";"";","
"Thrash Rally";"juanito1979";"3:10:56";"";"";","
"Thrash Rally";"kurush75";"3:13:13";"http://img84.imageshack.us/img84/8650/thrashrallye1.jpg";"avec la Thunderjet";","
"Thrash Rally";"aescdmvs";"3:13:17";"";"";","
"Thrash Rally";"PowerMarcel";"3:14:18";"";""

"Top Hunter: Roddy and Cathy";"kurush75";"191000";"http://img638.imageshack.us/img638/979/tophuntertophunter.jpg";"(monde 2)";","
"Top Hunter: Roddy and Cathy";"juanito1979";"189100";"";"(monde 2)";","
"Top Hunter: Roddy and Cathy";"aescdmvs";"168000";"";"(monde 2)";","
"Top Hunter: Roddy and Cathy";"michel";"165100";"http://img528.imageshack.us/img528/1218/tophuntermichel.jpg";"(monde 3)";","
"Top Hunter: Roddy and Cathy";"Fartaz";"127700";"";"(monde 2)"

"Twinkle Star Sprites";"Cho Aniki";"1694190";"http://img247.imageshack.us/img247/2321/img4375fj5.jpg";"(34 hits - all clear)";","
"Twinkle Star Sprites";"aescdmvs";"1343330";"";"(31 hits - all clear)";","
"Twinkle Star Sprites";"Onihyde";"1339580";"http://img114.imageshack.us/img114/5344/twinkle4yj.jpg";"(40 hits - stage 7)";","
"Twinkle Star Sprites";"nofutur";"1297090";"";"(53 hits - stage 7)";","
"Twinkle Star Sprites";"gojirien";"1209750";"http://img132.imageshack.us/img132/2302/dsc02663ox6.jpg";"(33 hits - all clear)";","
"Twinkle Star Sprites";"checc";"893170";"http://img337.imageshack.us/img337/5359/twinckle2cv4.jpg";"(29 hits - stage 7)";","
"Twinkle Star Sprites";"amobile";"858030";"";"(25 hits - all clear)";","
"Twinkle Star Sprites";"balaste";"799210";"";"(31 hits - stage 7)";","
"Twinkle Star Sprites";"7SOUNA";"777050";"";"(56 hits - stage 7)"

"Viewpoint";"chacha";"2301090";"http://cha.voila.net/conneries/viewpoint_2_301_090.JPG";","
"Viewpoint";"Twilight_Guardian";"2133450";"http://img148.imageshack.us/img148/8067/img97482.jpg";","
"Viewpoint";".:-"S.L"-:.";"1972890";"";","
"Viewpoint";"Sulfateur";"1943010";"";","
"Viewpoint";"aescdmvs";"292230";"";","
"Viewpoint";"Cho Aniki";"271000";"http://img20.imageshack.us/my.php?image=viewpoint3me.jpg";","
"Viewpoint";"Mpower";"157860";"http://valou.ludo.free.fr/NEO/Viewpoint1.JPG";","
"Viewpoint";"juanito1979";"136330";"http://img23.imageshack.us/img23/844/picture124ng8.jpg";","
"Viewpoint";"Thestrokes";"125470";"http://isthisit.free.fr/The%20Strokes%20(JUL)%20Viewpoint%20(125470).jpg";","
"Viewpoint";"fabaway";"54750";"http://img307.imageshack.us/img307/1504/img26933me.jpg"

"Waku Waku 7";"juanito1979";"14815800";"";"(all clear - Rai)";","
"Waku Waku 7";"Fartaz";"13839600";"http://valou.ludo.free.fr/Fartaz/scores/ww7-l.jpg";"(all clear - Slash)";","
"Waku Waku 7";"Raphoon";"4072100";"";"(all clear - Arina)";","
"Waku Waku 7";"gege4";"3994000";"http://img479.imageshack.us/img479/9620/p1000645gi3.jpg";"(all clear - Slash)"

"Windjammers: Flying Disk Game / Flying Power Disc (30 sec)";"juanito1979";"211706";"http://img357.imageshack.us/img357/714/wind211706rx3.jpg";"(all clear)";","
"Windjammers: Flying Disk Game / Flying Power Disc (30 sec)";"Cho Aniki";"205205";"";"(round 6)";","
"Windjammers: Flying Disk Game / Flying Power Disc (30 sec)";"birdy";"166306";"";"(all clear)";","
"Windjammers: Flying Disk Game / Flying Power Disc (30 sec)";"Thom";"156504";"?";"(round 5)";","
"Windjammers: Flying Disk Game / Flying Power Disc (30 sec)";"aescdmvs";"154004";"";"(round 5)";","
"Windjammers: Flying Disk Game / Flying Power Disc (30 sec)";"kurush75";"127704";"http://img231.imageshack.us/img231/5872/windjammers.jpg";"(round 5)";","
"Windjammers: Flying Disk Game / Flying Power Disc (30 sec)";"Tormento";"55202";"";"(round 3)";","
"Windjammers: Flying Disk Game / Flying Power Disc (30 sec)";"Sheeew";"17901";"";"(round 2)"

"Windjammers: Flying Disk Game / Flying Power Disc (45 sec)";"Fartaz";"203206";"http://valou.ludo.free.fr/Fartaz/scores/fpd2.jpg";"(all clear)";","
"Windjammers: Flying Disk Game / Flying Power Disc (45 sec)";"Cho Aniki";"195705";"";"(round 6)";","
"Windjammers: Flying Disk Game / Flying Power Disc (45 sec)";"checc ";"170204";"http://img182.imageshack.us/img182/2489/windjammerlb5.jpg";"(round 5)";","
"Windjammers: Flying Disk Game / Flying Power Disc (45 sec)";"Thom";"161204";"";"(round 5)";","
"Windjammers: Flying Disk Game / Flying Power Disc (45 sec)";"NeoJin";"154504";"http://img585.imageshack.us/img585/9672/wind3p.jpg";"(round 5)";","
"Windjammers: Flying Disk Game / Flying Power Disc (45 sec)";"jahoz";"152704";"";"(round 5)";","
"Windjammers: Flying Disk Game / Flying Power Disc (45 sec)";"Segata";"129905";"";"(round 6)"

"Windjammers: Flying Disk Game / Flying Power Disc (90 sec)";"Neograboss";"175104";"";"(round 5)";","
"Windjammers: Flying Disk Game / Flying Power Disc (90 sec)";"Cho Aniki ";"172804";"";"(round 5)";","
"Windjammers: Flying Disk Game / Flying Power Disc (90 sec)";"Tarma";"88902";"";"(round 3)"